{
  "sarima": {
    "p": 2,
    "q": 0,
    "P": 1,
    "D": 1,
    "Q": 1
  },
  "xgboost": {
    "n_estimators": 507,
    "max_depth": 3,
    "learning_rate": 0.1256811598167977,
    "subsample": 0.7553471381943498,
    "colsample_bytree": 0.8847936528260443,
    "reg_alpha": 0.6523685294345549,
    "reg_lambda": 0.7763628833688613
  },
  "lstm": {
    "units": 112,
    "dropout": 0.22754770895097912,
    "learning_rate": 0.0013495870937462009,
    "batch_size": 8
  }
}